name,expected_label,probability,verdict,threshold,winnowing_similarity,token_sequence_ratio,length_ratio
different_pair,0,7.802027539582923e-07,NO PLAGIO,0.13999999999999999,0.0,0.5148514851485149,0.6031746031746031
empty_pair,0,0.7298094034194946,PLAGIO,0.13999999999999999,0.0,1.0,1.0
similar_pair,1,0.990585207939148,PLAGIO,0.13999999999999999,0.8275862068965517,0.9732620320855615,0.9479166666666666
